{"model":{"type":"range_dispatch","property":"custom_model_data","index":0,"fallback":{"type":"minecraft:model","model":"minecraft:item/paper"},"entries":[{"threshold":10000,"model":{"type":"model","model":"_iainternal:item/ia_auto/icon_left_blue"}},{"threshold":10001,"model":{"type":"model","model":"_iainternal:item/ia_auto/icon_right_blue"}},{"threshold":10002,"model":{"type":"model","model":"_iainternal:item/ia_auto/icon_search"}},{"threshold":10003,"model":{"type":"model","model":"_iainternal:item/ia_auto/icon_cancel"}},{"threshold":10004,"model":{"type":"model","model":"_iainternal:item/ia_auto/icon_arrow_chest"}},{"threshold":10005,"model":{"type":"model","model":"_iainternal:item/ia_auto/icon_back_orange"}},{"threshold":10006,"model":{"type":"model","model":"_iainternal:item/ia_auto/icon_next_orange"}},{"threshold":10007,"model":{"type":"model","model":"winter_set_2025:item/ia_auto/winter_spear"}},{"threshold":10008,"model":{"type":"model","model":"item/paper"}}]},"oversized_in_gui":true}