{"parent":"minecraft:item/generated","overrides":[{"model":"minecraft:item/diamond_boots_quartz_trim","predicate":{"trim_type":0.1}},{"model":"minecraft:item/diamond_boots_iron_trim","predicate":{"trim_type":0.2}},{"model":"minecraft:item/diamond_boots_netherite_trim","predicate":{"trim_type":0.3}},{"model":"minecraft:item/diamond_boots_redstone_trim","predicate":{"trim_type":0.4}},{"model":"minecraft:item/diamond_boots_copper_trim","predicate":{"trim_type":0.5}},{"model":"minecraft:item/diamond_boots_gold_trim","predicate":{"trim_type":0.6}},{"model":"minecraft:item/diamond_boots_emerald_trim","predicate":{"trim_type":0.7}},{"model":"minecraft:item/diamond_boots_diamond_darker_trim","predicate":{"trim_type":0.8}},{"model":"minecraft:item/diamond_boots_lapis_trim","predicate":{"trim_type":0.9}},{"model":"minecraft:item/diamond_boots_amethyst_trim","predicate":{"trim_type":1.0}},{"predicate":{"custom_model_data":1},"model":"winter_set_2025:item/ia_auto/winter_boots"},{"predicate":{"trim_type":0.1,"custom_model_data":1},"model":"winter_set_2025:item/ia_auto/winter_boots"},{"predicate":{"trim_type":0.2,"custom_model_data":1},"model":"winter_set_2025:item/ia_auto/winter_boots"},{"predicate":{"trim_type":0.3,"custom_model_data":1},"model":"winter_set_2025:item/ia_auto/winter_boots"},{"predicate":{"trim_type":0.4,"custom_model_data":1},"model":"winter_set_2025:item/ia_auto/winter_boots"},{"predicate":{"trim_type":0.5,"custom_model_data":1},"model":"winter_set_2025:item/ia_auto/winter_boots"},{"predicate":{"trim_type":0.6,"custom_model_data":1},"model":"winter_set_2025:item/ia_auto/winter_boots"},{"predicate":{"trim_type":0.7,"custom_model_data":1},"model":"winter_set_2025:item/ia_auto/winter_boots"},{"predicate":{"trim_type":0.8,"custom_model_data":1},"model":"winter_set_2025:item/ia_auto/winter_boots"},{"predicate":{"trim_type":0.9,"custom_model_data":1},"model":"winter_set_2025:item/ia_auto/winter_boots"},{"predicate":{"trim_type":1.0,"custom_model_data":1},"model":"winter_set_2025:item/ia_auto/winter_boots"},{"predicate":{"custom_model_data":2},"model":"item/diamond_boots"}],"textures":{"layer0":"minecraft:item/diamond_boots"}}