{"parent":"minecraft:item/generated","textures":{"layer0":"minecraft:item/paper"},"overrides":[{"predicate":{"custom_model_data":10000},"model":"_iainternal:item/ia_auto/icon_left_blue"},{"predicate":{"custom_model_data":10001},"model":"_iainternal:item/ia_auto/icon_right_blue"},{"predicate":{"custom_model_data":10002},"model":"_iainternal:item/ia_auto/icon_search"},{"predicate":{"custom_model_data":10003},"model":"_iainternal:item/ia_auto/icon_cancel"},{"predicate":{"custom_model_data":10004},"model":"_iainternal:item/ia_auto/icon_arrow_chest"},{"predicate":{"custom_model_data":10005},"model":"_iainternal:item/ia_auto/icon_back_orange"},{"predicate":{"custom_model_data":10006},"model":"_iainternal:item/ia_auto/icon_next_orange"},{"predicate":{"custom_model_data":10007},"model":"winter_set_2025:item/ia_auto/winter_spear"},{"predicate":{"custom_model_data":10008},"model":"item/paper"}]}