{"parent":"minecraft:item/template_skull","overrides":[{"predicate":{"custom_model_data":1},"model":"_iainternal:entity/player/phead_0"},{"predicate":{"custom_model_data":2},"model":"_iainternal:entity/player/parm_left_3"},{"predicate":{"custom_model_data":3},"model":"_iainternal:entity/player/pbody_2"},{"predicate":{"custom_model_data":4},"model":"_iainternal:entity/player/pleg_left_1"},{"predicate":{"custom_model_data":5},"model":"_iainternal:entity/player/pleg_right_5"},{"predicate":{"custom_model_data":6},"model":"_iainternal:entity/player/parm_right_4"},{"predicate":{"custom_model_data":7},"model":"_iainternal:entity/player/dummy_0"},{"predicate":{"custom_model_data":8},"model":"_iainternal:entity/player/dummy_1"},{"predicate":{"custom_model_data":9},"model":"_iainternal:entity/player/dummy_2"},{"predicate":{"custom_model_data":10},"model":"_iainternal:entity/player/dummy_3"},{"predicate":{"custom_model_data":11},"model":"_iainternal:entity/player/dummy_4"},{"predicate":{"custom_model_data":12},"model":"_iainternal:entity/player/dummy_5"},{"predicate":{"custom_model_data":13},"model":"item/player_head"}]}