{
	"sources": [
		{ "type": "single", "resource": "winter_set_2025:armor/winter_helmet" },
		{ "type": "single", "resource": "winter_set_2025:armor/winter_boots" },
		{ "type": "single", "resource": "_iainternal:icons/icon_search" },
		{ "type": "single", "resource": "_iainternal:icons/icon_next_orange" },
		{ "type": "single", "resource": "_iainternal:icons/icon_right_blue" },
		{ "type": "single", "resource": "winter_set_2025:armor/winter_pants" },
		{ "type": "single", "resource": "_iainternal:icons/icon_left_blue" },
		{ "type": "single", "resource": "_iainternal:icons/icon_cancel" },
		{ "type": "single", "resource": "_iainternal:icons/icon_back_orange" },
		{ "type": "single", "resource": "_iainternal:icons/icon_arrow_chest" },
		{ "type": "single", "resource": "winter_set_2025:armor/winter_chest" }
	]
}
