{"model":{"type":"range_dispatch","property":"custom_model_data","index":0,"fallback":{"type":"minecraft:special","base":"minecraft:item/template_skull","model":{"type":"minecraft:head","kind":"player"}},"entries":[{"threshold":1,"model":{"type":"special","base":"_iainternal:entity/player/phead_0","model":{"type":"head","kind":"player"}}},{"threshold":2,"model":{"type":"special","base":"_iainternal:entity/player/parm_left_3","model":{"type":"head","kind":"player"}}},{"threshold":3,"model":{"type":"special","base":"_iainternal:entity/player/pbody_2","model":{"type":"head","kind":"player"}}},{"threshold":4,"model":{"type":"special","base":"_iainternal:entity/player/pleg_left_1","model":{"type":"head","kind":"player"}}},{"threshold":5,"model":{"type":"special","base":"_iainternal:entity/player/pleg_right_5","model":{"type":"head","kind":"player"}}},{"threshold":6,"model":{"type":"special","base":"_iainternal:entity/player/parm_right_4","model":{"type":"head","kind":"player"}}},{"threshold":7,"model":{"type":"special","base":"_iainternal:entity/player/dummy_0","model":{"type":"head","kind":"player"}}},{"threshold":8,"model":{"type":"special","base":"_iainternal:entity/player/dummy_1","model":{"type":"head","kind":"player"}}},{"threshold":9,"model":{"type":"special","base":"_iainternal:entity/player/dummy_2","model":{"type":"head","kind":"player"}}},{"threshold":10,"model":{"type":"special","base":"_iainternal:entity/player/dummy_3","model":{"type":"head","kind":"player"}}},{"threshold":11,"model":{"type":"special","base":"_iainternal:entity/player/dummy_4","model":{"type":"head","kind":"player"}}},{"threshold":12,"model":{"type":"special","base":"_iainternal:entity/player/dummy_5","model":{"type":"head","kind":"player"}}},{"threshold":13,"model":{"type":"special","base":"item/player_head","model":{"type":"head","kind":"player"}}}]},"oversized_in_gui":true}